S.No.,Name,CMP Rs.,Mar Cap Rs.Cr.,Graham's Number Rs.,Piotski Scr,Face value Rs.,CMP Upside Potential %,52w High Rs.,QoQ Profits %,Qtr Profit Var %,Profit Var 3Yrs %,P/E,Trd Qty,ROCE 3Yr %,Exp Qtr NP Rs.Cr.,CP above GN %,ROE %,ROE 3Yr %,Debt / Eq
1.,Goblin India,25.95,27.10,49.76,4.00,10.00,364.74,120.60,,,88.80,6.39,12400,21.67,,0.52,23.37,39.17,0.72
2.,Brightcom Group,4.90,248.75,111.26,6.00,2.00,165.71,13.02,1.60,-2.33,2.20,0.55,6196885,21.69,191.80,0.04,15.72,15.50,0.01
3.,D B Corp,80.85,1414.51,102.46,5.00,10.00,86.52,150.80,159.35,-62.26,-9.72,16.42,305711,22.73,22.92,0.79,15.80,16.25,0.17
4.,GMM Pfaudler,3814.55,5575.92,562.71,6.00,2.00,81.25,6913.85,39.97,29.20,37.80,70.85,59051,29.31,24.49,6.78,23.51,21.26,0.16
5.,Chemcon Special.,418.30,1532.26,,4.00,10.00,77.81,743.80,76.24,14.39,153.25,31.34,268148,55.68,,,40.17,49.81,0.18
6.,Atul Auto,170.50,374.13,155.15,5.00,5.00,75.19,298.70,109.75,-96.27,13.49,21.59,107862,29.81,1.62,1.1,18.51,20.51,0.05
7.,Indo US Bio-Tech,47.95,29.10,50.42,5.00,10.00,75.08,83.95,,,85.18,11.46,19062,20.17,,0.95,16.74,21.11,0.52
8.,Hind.Aeronautics,818.50,27369.62,832.15,6.00,10.00,73.92,1423.55,313.82,-0.24,2.05,11.15,706651,26.54,662.74,0.98,22.03,20.61,0.31
9.,Coal India,125.55,77373.05,172.78,5.00,10.00,70.93,214.60,41.76,-16.22,21.63,5.70,20565256,75.68,3408.70,0.73,56.99,54.95,0.13
10.,Greenply Industr,104.95,1286.97,20.18,6.00,1.00,70.37,178.80,264.60,-29.79,-13.67,22.55,621221,12.88,12.67,5.2,22.87,15.53,0.45
11.,Andhra Paper,197.50,785.46,369.72,5.00,10.00,68.76,333.30,36.48,-300.88,59.25,7.31,43243,29.82,13.88,0.53,24.54,24.79,0.01
12.,Symphony,844.20,5905.77,182.13,5.00,2.00,66.90,1408.95,700.00,-64.60,3.95,50.79,52265,30.92,34.15,4.64,28.25,26.18,0.34
13.,Shreyans Inds.,78.30,108.21,219.62,4.00,10.00,63.73,128.20,-127.33,-123.66,1.36,5.84,52593,25.43,0.95,0.36,15.36,20.98,0.27
14.,Tyche Industries,217.05,222.48,198.17,8.00,10.00,61.21,349.90,9.57,3.89,78.61,10.73,13496,23.88,7.17,1.1,25.54,17.37,0.00
15.,Kriti Nutrients,31.65,158.57,42.43,5.00,1.00,60.66,50.85,-77.33,-57.37,44.96,7.58,56740,33.59,6.07,0.75,24.55,28.00,0.03
16.,BLS Internat.,80.30,822.67,62.86,7.00,1.00,59.59,128.15,1829.11,-48.63,15.19,19.31,104916,27.65,9.59,1.28,19.15,26.69,0.00
17.,Intense Tech.,33.05,74.06,73.02,6.00,2.00,59.30,52.65,83.04,34.91,77.21,4.08,31835,25.89,3.39,0.45,34.49,19.86,0.03
18.,Asian Oilfield,90.90,346.10,110.68,8.00,10.00,57.76,143.40,32.54,17.65,43.73,7.61,30606,19.74,37.62,0.82,20.40,16.47,0.00
19.,N R Agarwal Inds,189.25,322.09,596.02,7.00,10.00,57.46,298.00,5.28,-30.52,33.05,3.17,24094,30.45,36.14,0.32,31.96,37.48,0.36
20.,Orbit Exports,64.90,177.72,63.63,7.00,10.00,57.16,102.00,173.80,-80.20,8.36,22.87,12531,22.08,-0.15,1.02,15.65,17.31,0.06
21.,Nippon Life Ind.,290.40,17790.53,87.48,5.00,10.00,55.97,452.95,-7.03,6.21,1.09,39.13,661519,26.83,114.99,3.32,16.09,18.97,0.00
22.,Dhampur Sugar,158.50,1052.24,419.95,7.00,10.00,55.21,246.00,-48.62,1266.99,-2.13,4.42,1043860,12.25,60.60,0.38,16.61,18.34,0.52
23.,Diamines & Chem.,363.75,355.75,212.51,9.00,10.00,54.63,562.45,-8.24,8.02,70.85,13.92,12838,42.60,13.52,1.71,42.00,31.70,0.00
24.,Titan Biotech,126.55,104.58,213.06,7.00,10.00,53.42,194.15,-43.41,526.45,50.15,4.30,37047,16.59,6.18,0.59,20.68,15.98,0.34
25.,Apex Frozen Food,290.15,906.72,251.68,4.00,10.00,53.32,444.85,197.52,14.91,34.13,14.15,154251,25.24,13.55,1.15,16.15,22.04,0.40
26.,Satia Industries,93.45,934.50,78.58,5.00,1.00,53.02,143.00,14.51,-46.73,26.36,14.30,46548,25.69,21.09,1.19,26.13,30.73,0.66
27.,Grauer & Weil,41.80,947.63,33.19,5.00,1.00,50.48,62.90,1118.02,-31.41,8.58,18.34,222851,24.22,13.95,1.26,16.42,17.85,0.03
28.,NESCO,543.60,3830.20,366.65,6.00,2.00,50.28,816.90,-36.74,-56.09,11.23,18.61,129023,24.18,67.84,1.48,18.50,18.05,0.00
29.,Dolat Investment,46.65,821.04,39.87,6.00,1.00,48.55,69.30,13.34,17.66,275.68,9.87,63301,56.30,1.47,1.17,38.37,37.83,0.39
30.,Alufluoride,174.25,136.27,127.33,4.00,10.00,48.06,258.00,-46.37,-42.17,62.84,17.03,10948,29.88,3.81,1.37,22.51,22.40,0.35
31.,Avanti Feeds,521.60,7106.57,262.01,7.00,1.00,47.62,770.00,6.91,-1.77,18.94,17.83,622456,48.56,88.06,1.99,29.07,34.80,0.01
32.,I R C T C,1353.45,21655.20,206.93,7.00,10.00,47.40,1995.00,232.64,-96.98,32.10,64.74,231092,50.17,111.81,6.54,44.14,33.62,0.00
33.,Bharat Dynamics,327.70,6006.13,228.6,8.00,10.00,46.99,481.70,133.64,-75.34,0.69,19.31,639719,33.15,-413.02,1.43,21.94,22.42,0.00
34.,Fermenta Biotec.,301.30,886.76,190.71,4.00,5.00,46.70,442.00,8.16,-54.99,105.81,21.58,27896,26.93,4.79,1.58,20.64,37.53,0.66
35.,JK Paper,96.45,1633.89,213.28,7.00,10.00,45.98,140.80,885.80,-72.26,42.18,6.27,852790,20.57,85.57,0.45,20.18,20.12,0.93
36.,InfoBeans Tech.,134.05,321.93,114.75,5.00,10.00,45.47,195.00,-37.52,-33.15,19.05,14.77,26358,19.14,7.42,1.17,15.40,16.78,0.20
37.,Mishra Dhatu Nig,191.90,3595.05,91.65,6.00,10.00,45.28,278.80,3640.22,-9.15,8.12,27.12,393482,22.26,36.34,2.09,17.81,16.99,0.15
38.,CARE Ratings,501.80,1478.36,339.07,4.00,10.00,44.88,727.00,279.25,-2.40,-16.17,18.76,356739,32.95,12.81,1.48,16.08,23.44,0.00
39.,Kilpest India,358.50,269.17,588.18,7.00,10.00,44.21,517.00,120.08,2555.11,89.50,2.96,42120,28.55,31.53,0.61,28.16,26.16,0.02
40.,Astec Lifescienc,949.10,1858.18,355.31,6.00,10.00,44.03,1367.00,10.32,238.07,21.75,24.01,99783,20.94,22.16,2.67,21.23,20.51,0.36
41.,V I P Inds.,361.45,5107.91,,5.00,2.00,43.84,519.90,31.04,-207.50,19.90,,635037,35.10,-136.18,,24.68,26.53,0.74
42.,Aarti Drugs,715.05,6664.27,228.32,8.00,10.00,43.62,1026.95,-11.91,132.96,19.77,27.33,852870,18.32,76.93,3.13,23.08,20.16,0.42
43.,Engineers India,74.20,4688.78,70.99,6.00,5.00,43.33,106.35,85.59,32.63,8.58,12.76,4655114,25.19,97.56,1.05,17.78,16.06,0.00
44.,Hind.Oil Explor.,76.65,1013.64,89.63,4.00,10.00,42.86,109.50,-3.47,-67.45,149.38,15.16,775357,20.98,8.96,0.86,18.28,20.83,0.10
45.,Dwarikesh Sugar,29.45,554.55,52.98,3.00,1.00,42.78,42.05,-1.99,275.05,-21.80,6.55,1490999,12.55,28.55,0.56,15.52,22.22,0.95
46.,Saksoft,317.25,332.80,435.06,6.00,10.00,40.90,447.00,5.92,9.94,24.38,8.27,22242,24.89,12.08,0.73,20.27,20.66,0.12
47.,T.V. Today Netw.,203.10,1211.87,245.27,5.00,5.00,40.60,285.55,117.40,20.56,13.49,11.45,179057,27.10,42.12,0.83,15.76,17.47,0.02
48.,Caplin Point Lab,489.65,3703.85,301.42,5.00,2.00,40.10,686.00,4.33,9.73,30.15,16.45,224671,46.33,72.91,1.62,30.82,36.69,0.02
49.,HDFC AMC,2538.80,54059.10,501.82,6.00,5.00,39.86,3550.75,11.81,-8.20,31.89,43.50,572782,50.87,378.75,5.06,35.56,36.08,0.00
50.,Security & Intel,446.65,6567.72,199.53,4.00,5.00,39.73,624.10,88.28,41.89,26.83,27.33,472051,17.75,77.55,2.24,16.96,18.40,0.36
51.,H.G. Infra Engg.,211.70,1379.67,261.17,7.00,10.00,39.32,294.95,89.91,-7.41,46.05,9.48,143552,24.29,46.60,0.81,22.42,22.21,0.58
52.,Kothari Petroche,15.65,92.09,33.23,7.00,10.00,39.30,21.80,609.18,5.95,43.86,5.85,93003,18.05,4.20,0.47,18.57,15.62,0.02
53.,Triveni Turbine,74.55,2410.24,34.11,8.00,1.00,39.24,103.80,-10.50,-26.28,-1.58,22.93,72714,33.12,27.22,2.19,24.18,22.90,0.00
54.,Finolex Cables,308.80,4722.77,282.55,6.00,2.00,39.23,429.95,97.48,-43.89,8.43,15.65,646627,22.28,60.71,1.09,15.61,15.98,0.00
55.,Kaveri Seed Co.,490.80,2960.95,512.37,8.00,2.00,39.06,682.50,-92.06,73.08,20.30,8.81,263045,21.50,6.22,0.96,22.51,20.53,0.00
56.,Mangalam Organic,443.55,379.88,474.41,5.00,10.00,38.44,614.05,83.01,-11.87,126.02,8.17,10078,49.10,9.96,0.93,38.56,49.06,0.00
57.,Chamanlal Setia,82.75,428.10,143.12,7.00,2.00,38.25,114.40,-35.72,81.58,10.83,5.48,62456,23.46,23.50,0.58,20.99,20.17,0.15
58.,Vedanta,120.75,44885.15,,6.00,1.00,37.56,166.10,-20.23,-46.94,0.46,4.31,32236067,14.71,2007.51,,15.16,16.51,0.88
59.,PSP Projects,408.85,1471.86,260.33,6.00,10.00,36.97,560.00,748.65,-55.99,46.09,17.69,39518,41.52,33.55,1.57,31.20,29.76,0.24
60.,Alankit,15.85,226.59,11.65,5.00,1.00,36.91,21.70,17.75,4.50,-2.23,16.60,169081,33.10,3.37,1.36,15.41,23.61,0.16
61.,KEI Industries,424.90,3817.96,335.96,5.00,2.00,36.50,580.00,88.19,-10.30,39.88,15.98,427063,27.00,100.42,1.26,22.44,24.59,0.17
62.,SPL Industries,28.80,83.52,87.09,6.00,10.00,36.11,39.20,80.75,-60.18,178.50,4.02,41866,24.05,2.56,0.33,27.65,24.22,0.03
63.,Bharti Infratel,218.60,58911.32,133.79,6.00,10.00,35.64,296.50,4.12,-23.96,8.97,20.42,18791665,22.18,515.93,1.63,21.56,17.06,0.18
64.,United Spirits,548.40,39848.87,52.9,7.00,2.00,35.48,742.95,153.58,-20.62,25.67,183.71,2592910,19.69,97.08,10.37,16.36,21.15,0.28
65.,Rites,245.65,5903.02,219.94,6.00,10.00,34.74,331.00,106.45,-44.20,29.77,12.01,269679,30.35,118.81,1.12,25.01,21.21,0.01
66.,Rail Vikas,21.85,4555.77,43.76,5.00,10.00,34.10,29.30,33.18,-14.79,23.54,6.70,8023663,12.19,153.62,0.5,15.84,15.90,0.88
67.,Andhra Sugars,294.30,797.85,785.01,6.00,10.00,33.20,392.00,18.05,-38.27,16.72,4.83,74484,18.23,32.36,0.37,17.23,15.69,0.10
68.,Cochin Shipyard,369.25,4857.13,470.14,6.00,10.00,33.16,491.70,154.07,-47.80,25.57,10.54,550104,23.18,126.60,0.79,18.01,15.90,0.03
69.,SEAMEC Ltd,398.95,1014.33,385.31,9.00,10.00,33.09,530.95,572.56,-42.21,42.52,13.58,36142,17.61,11.87,1.04,26.88,17.62,0.08
70.,Expleo Solutions,483.55,495.76,443.03,6.00,10.00,32.90,642.65,-11.71,40.67,18.79,9.69,21201,38.58,13.93,1.09,27.41,26.55,0.00
71.,KRBL,257.80,6068.35,284.42,7.00,1.00,31.73,339.60,19.14,32.12,11.80,10.39,556877,21.20,259.56,0.91,19.07,19.82,0.05
72.,Menon Bearings,48.65,272.63,29.86,5.00,1.00,31.55,64.00,113.68,54.08,-9.00,20.80,29133,28.45,2.87,1.63,16.10,24.92,0.33
73.,S P I C,19.75,402.19,37.61,6.00,10.00,31.39,25.95,174.65,9.47,29.37,7.22,119179,13.26,3.15,0.53,16.74,16.03,0.23
74.,Bayer Crop Sci.,5046.80,22681.37,1349.49,8.00,10.00,30.80,6601.25,-10.77,-1.31,25.28,33.70,51465,25.73,177.32,3.74,23.77,19.13,0.00
75.,Acewin Agriteck,8.88,9.11,86.08,7.00,10.00,30.63,11.60,,260.00,117.27,0.73,19200,39.69,,0.1,57.16,30.44,0.06
76.,Cupid,227.70,303.71,222.6,6.00,10.00,30.32,296.75,19.59,-35.81,24.65,9.03,454165,41.69,23.09,1.02,44.41,32.70,0.11
77.,Lloyds Metals,9.60,241.68,10.15,5.00,1.00,30.21,12.50,117.16,16100.00,78.68,14.65,81033,17.31,-11.98,0.95,25.20,22.38,0.73
78.,Neogen Chemicals,630.75,1471.83,142.67,4.00,10.00,29.93,819.55,20.59,-4.16,55.11,50.75,18197,23.25,12.34,4.42,24.06,24.74,0.76
79.,GAIL (India),102.65,46296.61,219.16,4.00,10.00,29.91,133.35,69.91,-8.52,41.94,5.41,27839267,19.27,1094.19,0.47,19.45,15.76,0.12
80.,Creative Periph.,116.25,134.85,75.05,7.00,10.00,29.89,151.00,369.23,-2.40,88.95,17.96,11713,21.12,4.35,1.55,23.97,20.18,0.67
81.,Seshasayee Paper,141.95,895.25,280.53,6.00,2.00,29.66,184.05,-2.54,-62.30,11.36,6.79,61268,26.54,35.70,0.51,18.98,20.29,0.01
82.,Solar Industries,1043.15,9439.47,288.35,5.00,2.00,29.42,1350.00,54.85,-21.91,13.28,41.07,388718,23.36,67.04,3.62,21.23,22.71,0.51
83.,Castrol India,125.40,12403.59,44.04,8.00,5.00,29.35,162.20,212.84,8.60,7.61,18.61,2953991,98.27,230.01,2.85,65.37,65.97,0.00
84.,V-Guard Industri,184.95,7932.77,40.72,5.00,1.00,28.14,237.00,1281.49,-12.75,8.61,61.48,1158200,25.98,37.35,4.54,19.62,19.68,0.01
85.,GHCL,169.95,1614.75,393.55,7.00,10.00,28.10,217.70,552.20,-27.71,1.34,5.64,303651,19.51,84.65,0.43,19.49,20.88,0.37
86.,ITC,193.65,238287.03,109.76,6.00,1.00,28.01,247.90,34.14,-18.23,14.84,16.95,34551649,33.83,4056.97,1.76,25.29,23.80,0.00
87.,Tata Metaliks,538.95,1701.87,731.73,4.00,10.00,27.66,688.00,763.43,250.58,12.47,8.84,97720,29.09,43.32,0.74,21.08,31.54,0.16
88.,ION Exchange,844.55,1238.67,647.68,7.00,10.00,26.81,1071.00,52.26,3.82,48.31,12.49,19283,29.83,32.35,1.3,27.62,24.56,0.20
89.,Navneet Educat.,80.65,1845.84,59.46,8.00,2.00,26.66,102.15,-48.22,-146.90,4.68,32.34,77586,24.65,1.36,1.36,23.67,20.50,0.08
90.,Fine Organic,2574.90,7894.64,456.63,6.00,5.00,26.61,3260.00,9.01,-45.27,28.37,60.71,59038,37.70,41.23,5.64,29.43,28.93,0.11
91.,Vidhi Specialty,121.30,605.83,64.19,7.00,1.00,26.13,153.00,11.74,-11.63,32.50,18.84,79039,29.67,10.27,1.89,29.65,28.62,0.05
92.,Black Rose Indus,129.50,660.45,34.21,7.00,1.00,25.87,163.00,196.19,0.16,63.41,36.92,26043,32.81,7.20,3.79,37.30,36.28,0.32
93.,Jubilant Life,723.00,11517.39,641.37,7.00,1.00,25.83,909.75,154.55,-10.13,16.94,14.40,375600,15.64,286.35,1.13,17.77,17.18,0.67
94.,Permanent Magnet,142.65,122.68,144.53,6.00,10.00,24.78,178.00,126.58,-3.76,129.10,9.48,13666,44.85,3.36,0.99,35.28,41.01,0.03
95.,Amines & Plast.,56.90,313.06,50.88,8.00,2.00,24.78,71.00,13.25,25.80,21.60,10.28,19946,25.11,6.75,1.12,28.01,24.95,0.53
96.,Dhanuka Agritech,751.05,3573.37,393.8,8.00,2.00,24.59,935.70,35.34,16.82,5.24,18.95,99896,26.02,52.37,1.91,20.84,19.95,0.01
97.,Balmer Law. Inv.,348.50,773.67,261.34,6.00,10.00,24.53,434.00,5326.85,2.30,29.15,9.07,17457,47.02,2.07,1.33,48.52,45.66,0.00
98.,Valiant Organics,3134.00,4254.95,921.75,4.00,10.00,23.71,3877.00,24.43,-1.67,122.59,33.64,13122,57.00,,3.4,40.65,50.43,0.29
99.,Orient Refrac.,217.10,2608.22,67.76,7.00,1.00,23.70,268.55,112.25,-21.45,8.17,37.78,142658,37.02,19.61,3.2,21.73,25.08,0.00
100.,Triven.Engg.Ind.,71.70,1733.38,125.9,8.00,1.00,23.36,88.45,-62.77,-73.64,1.02,5.82,785142,14.45,102.67,0.57,27.05,21.15,0.44
101.,Polycab India,958.40,14285.74,,6.00,10.00,23.33,1182.00,87.54,14.32,47.85,18.65,754730,26.52,225.82,,22.55,19.83,0.05
102.,Bharat Rasayan,9548.00,4057.90,3394.73,6.00,10.00,22.54,11700.00,-24.37,-31.35,43.04,28.06,11228,34.60,34.61,2.81,32.91,33.95,0.05
103.,Bajaj Consumer,204.20,3012.77,117.86,3.00,1.00,22.43,250.00,4.94,1.59,-6.14,16.45,1233359,49.55,43.10,1.73,32.73,40.41,0.02
104.,Hind. Unilever,2138.20,502382.12,372.79,7.00,1.00,22.27,2614.30,4.00,9.70,16.87,68.99,2935780,112.36,2285.27,5.74,85.72,81.09,0.00
105.,HLE Glascoat,1546.85,2000.24,218.16,7.00,10.00,22.18,1890.00,82.61,24.48,130.78,51.09,11731,36.66,12.83,7.09,52.60,34.94,0.87
106.,Rudrabhish. Ent.,87.40,151.55,84.42,7.00,10.00,21.74,106.40,,,57.67,10.37,49200,21.19,,1.04,19.69,15.61,0.03
107.,Worth Peripheral,47.50,74.82,113.6,5.00,10.00,21.58,57.75,-26.43,-13.81,9.72,5.36,43890,22.54,,0.42,16.44,16.03,0.17
108.,Abbott India,15399.05,32722.98,2725.15,8.00,10.00,21.30,18679.75,0.21,1.35,28.94,49.68,13373,37.36,219.69,5.65,26.73,25.65,0.07
109.,Mazagon Dock,179.00,3610.25,287.93,3.00,10.00,21.20,216.95,609.86,11.84,-6.08,7.45,1597949,25.01,,0.62,15.42,16.68,0.00
110.,Gillette India,5812.80,18943.92,713.61,6.00,10.00,20.80,7021.90,111.90,54.29,-3.34,71.84,14095,47.16,82.00,8.15,27.31,32.96,0.00
111.,Orient Electric,237.70,5043.65,32.68,7.00,1.00,20.70,286.90,218.80,558.94,88.21,84.12,541129,29.07,12.38,7.27,23.66,25.08,0.17
112.,Bata India,1572.90,20216.10,51.45,6.00,5.00,20.61,1897.00,56.07,-162.16,23.48,1762.52,1163017,26.91,-119.53,30.57,18.21,18.30,0.12
113.,SBI Life Insuran,846.05,84609.16,187.15,5.00,10.00,20.56,1020.00,-23.32,130.85,14.00,52.52,1842543,22.47,555.35,4.52,17.33,17.96,0.00
114.,Vinati Organics,1177.85,12106.18,287.61,6.00,1.00,20.47,1419.00,-14.19,-43.61,33.31,43.90,124157,37.16,64.86,4.1,28.52,26.84,0.00
115.,Mold-Tek Technol,47.70,133.52,40.33,4.00,2.00,20.34,57.40,57.77,17.33,29.94,13.33,50745,27.25,2.86,1.18,21.06,20.88,0.09
116.,Dynemic Products,237.10,268.60,261.55,5.00,10.00,20.20,285.00,-3.01,29.56,20.86,9.80,47106,20.93,8.05,0.91,20.47,19.71,0.73
117.,Guj.St.Petronet,219.55,12387.26,234.85,7.00,10.00,20.15,263.80,125.54,-23.22,46.94,6.62,2048454,28.48,704.45,0.93,55.72,42.57,0.37
118.,KMC Speciality,22.15,361.27,6.46,8.00,1.00,19.64,26.50,424.53,-16.01,29.95,39.79,86632,30.48,3.52,3.43,26.17,25.33,0.55
119.,Polyplex Corpn,735.40,2308.60,1578.38,6.00,10.00,19.51,878.85,-57.17,-47.35,12.69,4.12,97029,15.62,129.45,0.47,15.17,16.38,0.19
120.,Kanchi Karpooram,417.75,182.32,679.28,6.00,10.00,19.45,499.00,296.94,109.14,104.73,5.57,11049,54.16,7.64,0.61,32.74,43.71,0.00
121.,Dharamsi Morarji,149.15,371.98,146.23,4.00,10.00,19.34,178.00,115.10,169.12,22.76,10.08,20497,26.73,3.09,1.02,23.70,30.21,0.10
122.,Fairchem Speci.,539.95,2109.19,344.41,6.00,10.00,19.27,644.00,-19.97,-40.28,62.46,18.72,12575,16.40,36.01,1.57,19.58,16.26,0.60
123.,Auro Labs.,84.00,52.33,86.51,6.00,10.00,18.93,99.90,61.87,55.17,70.30,10.18,14943,28.44,1.24,0.97,20.82,26.13,0.00
124.,Kiri Industries,515.00,1731.46,959.11,5.00,10.00,18.91,612.40,178.23,-60.44,12.23,7.33,255422,20.62,3.57,0.54,21.66,20.84,0.07
125.,Bombay Burmah,1319.75,9208.15,1152.1,4.00,2.00,18.72,1566.80,-77.40,-24.36,14.30,6.54,123894,32.20,435.38,1.15,26.89,25.31,0.55
126.,Assoc.Alcohols,282.20,510.20,254.44,9.00,10.00,18.69,334.95,176.10,19.08,42.20,11.47,70518,32.94,19.00,1.11,29.15,25.50,0.03
127.,Balrampur Chini,164.60,3456.60,250.47,5.00,1.00,18.47,195.00,-43.71,-21.54,-6.48,6.51,1743739,16.24,140.41,0.66,22.24,22.70,0.12
128.,P & G Hygiene,10519.90,34148.37,1166.24,7.00,10.00,18.35,12450.00,266.80,85.52,-0.31,62.08,12809,71.09,189.08,9.02,42.09,48.43,0.00
129.,Just Dial,606.85,3753.65,420.64,6.00,10.00,18.26,717.65,-43.18,-38.47,38.22,13.97,582210,20.33,42.56,1.44,16.97,15.15,0.07
130.,Gujarat Gas,348.85,24014.49,132.51,9.00,2.00,18.22,412.40,704.94,-8.04,74.17,24.45,2940043,21.90,337.18,2.63,43.46,29.38,0.39
131.,Page Industries,22754.95,25371.77,1751.18,4.00,10.00,18.18,26891.00,380.33,-3.18,8.82,133.99,49931,61.88,57.22,12.99,43.04,45.44,0.16
132.,TCI Express,806.45,3099.55,195.96,6.00,2.00,17.86,950.45,2453.26,-10.00,33.44,44.95,14445,40.71,22.23,4.12,29.55,30.58,0.01
133.,Whirlpool India,2183.30,27699.53,335.41,5.00,10.00,17.71,2570.00,680.94,3.04,15.26,90.60,88807,31.11,60.16,6.51,20.27,20.71,0.00
134.,Sahyadri Industr,254.95,243.77,487.2,6.00,10.00,17.63,299.90,-48.62,249.28,108.53,5.58,12008,19.92,8.98,0.52,15.28,18.20,0.01
135.,Godrej Agrovet,509.90,9793.75,194.6,4.00,10.00,17.28,598.00,20.94,12.53,8.69,28.57,168487,20.26,89.14,2.62,17.65,18.23,0.23
136.,Coforge,2400.65,14542.07,755.77,4.00,10.00,17.22,2814.00,51.06,-2.32,17.25,30.33,483116,26.81,156.81,3.18,20.82,20.37,0.00
137.,Mahanagar Gas,1063.90,10508.97,601.07,7.00,10.00,17.19,1246.80,218.98,-46.66,26.35,19.38,2662852,36.87,159.91,1.77,29.66,26.38,0.02
138.,Lincoln Pharma.,242.40,484.80,331.64,6.00,10.00,16.93,283.45,37.02,10.57,22.02,8.65,136230,21.41,14.90,0.73,17.68,18.12,0.05
139.,Grindwell Norton,598.05,6621.61,198.21,5.00,5.00,16.88,699.00,126.29,23.54,14.22,36.47,70862,22.18,46.45,3.02,15.09,15.16,0.01
140.,Akzo Nobel,2153.00,9804.83,483.46,8.00,10.00,16.81,2515.00,427.15,34.58,3.28,54.28,13351,30.32,49.72,4.45,20.01,22.97,0.05
141.,Sun TV Network,439.95,17337.75,334.42,6.00,5.00,16.76,513.70,30.18,-9.16,7.94,14.19,2725884,36.38,318.98,1.32,22.61,25.03,0.00
142.,Ganesh Benzopl.,65.55,339.55,77.39,7.00,1.00,16.70,76.50,-33.05,20.22,40.20,6.46,62523,25.92,13.34,0.85,31.93,41.51,0.32
143.,Star Cement,89.80,3703.61,82.22,6.00,1.00,16.37,104.50,39.16,35.61,13.84,14.04,395994,19.32,67.64,1.09,16.05,19.75,0.00
144.,DCM Shriram,370.75,5781.56,469.15,4.00,2.00,16.28,431.10,72.23,0.39,9.47,9.91,268570,23.63,194.41,0.79,19.00,22.97,0.28
145.,Torrent Pharma.,2615.10,44252.72,720.96,9.00,5.00,16.25,3040.00,-3.43,27.05,4.43,37.00,512589,13.65,319.52,3.63,20.99,16.04,0.71
146.,Sheela Foam,1531.85,7472.79,412.02,6.00,5.00,16.20,1779.95,508.74,18.90,14.96,39.81,67632,28.93,64.70,3.72,23.03,22.50,0.28
147.,Alembic,106.15,2725.74,154.97,6.00,2.00,15.69,122.80,9.34,-11.10,30.01,7.39,2363590,5.07,-0.44,0.68,24.95,20.19,0.00
148.,Transport Corp.,251.70,1938.00,212.09,5.00,2.00,15.61,291.00,797.06,-19.62,22.88,17.23,17809,15.80,26.81,1.19,15.87,16.89,0.26
149.,Pfizer,5104.50,23351.93,1070.77,6.00,10.00,15.58,5900.00,5.56,-14.83,26.23,46.90,76183,21.66,116.88,4.77,15.92,15.10,0.00
150.,Share India Sec.,105.70,337.25,163.95,7.00,10.00,15.37,121.95,3.66,89.22,71.28,6.20,28792,25.52,15.53,0.64,22.78,22.93,0.60
151.,RACL Geartech,117.90,127.12,167.41,7.00,10.00,15.31,135.95,268.21,8.38,51.94,8.07,20059,17.25,4.13,0.7,23.78,19.31,0.84
152.,Refex Industries,88.45,185.76,147.06,5.00,10.00,15.21,101.90,202.65,46.08,332.21,5.46,553352,54.18,24.86,0.6,62.66,72.03,0.07
153.,United Drilling,264.50,537.02,184.91,7.00,10.00,15.09,304.40,25.17,-31.36,29.44,14.07,33265,23.98,13.55,1.43,30.58,22.04,0.00
154.,Yash Pakka,61.00,214.96,62.89,9.00,10.00,15.08,70.20,176.52,-43.01,49.29,11.91,81119,20.62,5.40,0.97,26.29,24.07,0.56
155.,IOL Chemicals,781.55,4588.13,566.38,7.00,10.00,15.02,898.90,-0.45,44.77,322.81,10.36,675999,48.63,159.74,1.38,56.93,53.19,0.02
156.,Ajanta Pharma,1536.10,13405.05,691.03,5.00,2.00,14.57,1759.95,15.20,45.33,-2.63,24.08,137080,28.28,203.95,2.22,19.43,20.82,0.01
157.,Sudarshan Chem.,470.60,3257.83,177.96,6.00,2.00,14.32,538.00,66.65,-34.36,8.11,30.83,230569,17.33,35.25,2.64,22.33,19.79,0.78
158.,Maithan Alloys,546.20,1590.07,864.9,4.00,10.00,14.24,624.00,56.26,31.06,1.26,7.29,39470,31.67,47.17,0.63,15.41,25.02,0.01
159.,ERIS Lifescience,521.35,7078.92,233.63,5.00,1.00,14.13,595.00,21.01,16.19,6.17,22.38,62258,28.20,80.82,2.23,23.87,29.70,0.01
160.,P I Industries,2208.40,33504.39,556.57,4.00,1.00,13.97,2517.00,49.55,76.62,-0.31,56.32,2411350,24.04,182.75,3.97,18.55,19.26,0.08
161.,Welspun India,68.65,6897.44,53.57,7.00,1.00,13.62,78.00,266.06,-7.26,-10.09,18.32,798133,12.16,79.87,1.28,16.82,15.71,0.84
162.,Rane Brake Lin.,690.90,546.50,442.15,6.00,10.00,13.61,784.90,267.34,54.56,-9.58,22.58,28581,25.41,-0.42,1.56,15.69,18.19,0.00
163.,Pokarna,141.40,438.40,132.13,6.00,2.00,13.54,160.55,325.78,-31.38,0.24,20.49,46794,21.81,0.41,1.07,23.22,27.39,0.78
164.,Guj. Themis Bio.,267.85,389.15,150.75,8.00,5.00,13.42,303.80,103.77,609.38,73.94,10.36,32606,65.66,32.77,1.78,75.93,59.70,0.01
165.,Rajratan Global,406.65,412.92,344.05,8.00,10.00,13.37,461.00,720.61,39.88,20.53,14.38,12383,17.75,7.55,1.18,20.92,19.26,0.77
166.,Bhageria Indust.,136.70,596.62,161.16,4.00,5.00,13.35,154.95,183.01,-5.83,17.05,11.15,31944,21.87,14.00,0.85,17.64,18.12,0.04
167.,Mindtree,1417.30,23345.73,516.28,4.00,10.00,13.30,1605.85,19.11,87.93,14.65,26.84,1473416,28.39,266.44,2.75,19.52,21.93,0.16
168.,Hindustan Foods,882.00,1869.67,172.78,5.00,10.00,13.25,998.85,95.09,70.06,223.72,71.61,13679,19.21,13.90,5.1,18.23,19.49,0.79
169.,Alembic Pharma,998.10,19618.97,548.11,6.00,2.00,13.10,1128.90,10.59,29.87,27.37,18.55,329900,23.15,366.49,1.82,28.08,24.32,0.13
170.,Petronet LNG,251.25,37687.50,168.53,7.00,10.00,12.74,283.25,83.97,-19.71,16.94,15.25,7573723,29.54,746.38,1.49,25.81,23.91,0.28
171.,Hindustan Zinc,229.70,97055.58,169.99,5.00,2.00,12.73,258.95,42.75,-6.78,-5.92,15.51,1179704,27.42,1461.23,1.35,18.00,22.03,0.25
172.,Relaxo Footwear,737.60,18325.09,101.45,6.00,1.00,12.55,830.15,210.07,6.46,23.56,89.27,181945,25.90,61.13,7.27,19.03,20.05,0.13
173.,Amal,186.60,175.87,66.01,6.00,10.00,12.54,210.00,16.67,-46.61,-0.49,28.50,12863,54.28,2.05,2.83,35.36,56.40,0.13
174.,Sumitomo Chemi.,282.85,14118.34,57.71,5.00,10.00,12.23,317.45,101.27,20.87,54.29,54.30,378919,29.42,61.94,4.9,22.41,20.33,0.03
175.,Oracle Fin.Serv.,3040.15,26145.73,1698.36,6.00,5.00,11.90,3402.05,-18.28,9.26,6.11,16.36,41330,43.82,523.51,1.79,25.42,28.05,0.02
176.,Avenue Super.,2289.20,148288.58,234.54,5.00,10.00,11.83,2560.00,395.26,-38.47,39.65,165.89,658166,22.86,360.48,9.76,15.50,16.82,0.03
177.,Mastek,964.15,2387.09,742.63,4.00,5.00,11.50,1075.00,26.02,140.06,57.11,12.82,70274,17.67,44.61,1.3,16.78,15.26,0.26
178.,Aurobindo Pharma,868.55,50891.70,614.54,7.00,1.00,11.40,967.60,3.29,24.14,7.31,16.20,4597784,19.70,1101.35,1.41,18.56,19.92,0.28
179.,Cummins India,586.00,16243.92,278.12,3.00,2.00,11.40,652.80,227.71,-5.29,-1.61,26.59,2155585,20.56,85.69,2.11,16.11,16.73,0.12
180.,Mphasis,1315.70,24559.64,678.26,7.00,10.00,11.33,1464.80,8.76,9.48,13.93,20.11,429570,23.08,399.66,1.94,21.37,18.55,0.10
181.,Atul,6310.35,18716.50,2337.56,8.00,10.00,11.27,7021.25,48.03,-16.65,27.31,30.93,32270,25.30,183.75,2.7,22.59,18.34,0.03
182.,Vadilal Inds.,808.95,581.64,,8.00,10.00,11.13,898.95,105.96,-97.02,29.58,,31825,16.52,-10.89,,18.13,15.40,0.57
183.,Sonata Software,341.45,3590.66,200.32,5.00,1.00,10.91,378.70,14.58,-20.82,22.45,14.67,535563,45.61,118.35,1.7,37.98,34.22,0.18
184.,Poly Medicure,489.60,4320.57,125.29,5.00,5.00,10.86,542.75,31.07,23.27,20.87,39.49,49553,24.14,36.25,3.91,23.47,21.54,0.29
185.,Pidilite Inds.,1542.55,78381.90,192.85,7.00,1.00,10.85,1709.90,1230.92,3.65,10.32,87.53,1339108,35.58,309.25,8.0,26.98,26.22,0.05
186.,HCL Technologies,822.10,223090.41,459.21,4.00,2.00,10.78,910.75,7.23,16.05,8.53,18.29,8595887,29.42,4048.77,1.79,23.66,24.65,0.10
187.,Jindal Stain. Hi,118.85,2804.08,156.97,7.00,2.00,10.77,131.65,280.15,57.43,12.49,11.18,656889,22.30,8.24,0.76,18.77,27.19,0.89
188.,Amrutanjan Healt,504.70,1475.27,153.73,5.00,1.00,10.70,558.70,266.25,180.36,4.83,31.15,118470,24.37,13.98,3.28,16.44,16.60,0.01
189.,Britannia Inds.,3637.95,87626.68,431.29,4.00,1.00,10.36,4015.00,-8.72,22.78,16.71,49.21,1666676,42.26,515.07,8.43,32.49,31.80,0.92
190.,Thyrocare Tech.,1098.25,5802.75,153.28,7.00,10.00,10.36,1212.00,18617.39,22.82,16.86,84.63,304849,32.82,29.54,7.17,22.33,20.68,0.03
191.,CCL Products,266.25,3541.87,150.46,5.00,2.00,10.35,293.80,23.34,12.81,7.25,20.22,351250,19.77,69.63,1.77,18.78,19.90,0.41
192.,Godrej Consumer,699.75,71548.48,168.72,4.00,1.00,10.33,772.00,15.99,9.95,6.17,45.52,1792452,19.91,526.24,4.15,20.51,25.63,0.15
193.,Thangamayil Jew.,444.80,610.27,461.26,6.00,10.00,10.16,490.00,917.81,343.56,48.40,9.12,18182,18.30,23.61,0.96,22.09,18.07,0.87
194.,G M Breweries,427.80,781.91,365.74,6.00,10.00,9.86,470.00,361.32,-43.53,17.10,17.23,96312,32.94,14.12,1.17,17.47,22.60,0.00
195.,L & T Infotech,3200.45,55879.14,885.56,4.00,1.00,9.83,3515.15,9.36,26.75,16.71,33.31,1697811,42.79,544.04,3.61,29.53,31.84,0.14
196.,Astrazeneca Phar,4538.90,11347.25,344.19,9.00,2.00,9.50,4970.00,41.38,82.66,65.92,139.66,145260,27.29,27.84,13.19,21.66,18.11,0.03
197.,KNR Construct.,285.10,4009.00,262.07,6.00,2.00,9.37,311.80,239.33,-5.85,35.78,15.71,173547,19.14,68.86,1.09,18.27,21.08,0.46
198.,Route Mobile,1054.25,6046.88,,5.00,10.00,9.24,1151.70,21.34,151.69,5.22,85.53,460635,29.27,,,28.73,29.36,0.08
199.,Hero Motocorp,3108.85,62104.75,1456.93,4.00,2.00,9.20,3394.90,1520.71,3.49,-4.09,24.45,1714928,36.43,566.55,2.13,22.13,26.68,0.04
200.,L&T Technology,1723.20,18073.73,662.93,5.00,2.00,9.06,1879.40,41.21,-19.35,24.63,25.95,161614,42.26,207.57,2.6,31.40,32.08,0.17
201.,Advanced Enzyme,352.90,3942.74,148.48,6.00,2.00,9.03,384.75,8.58,21.11,12.71,28.04,482851,24.50,47.51,2.38,17.53,18.13,0.02
202.,Wipro,350.50,200322.60,201.01,7.00,2.00,8.90,381.70,3.15,-3.00,4.68,20.64,9890394,18.67,2552.91,1.74,17.49,16.97,0.12
203.,Sanofi India,8267.35,19039.71,2260.39,7.00,10.00,8.85,8999.00,-2.49,-14.79,14.14,38.65,40560,27.94,172.97,3.66,19.40,18.11,0.01
204.,Alkem Lab,2841.65,33976.19,1270.04,6.00,2.00,8.74,3090.00,11.86,26.54,8.22,22.86,121099,17.71,416.20,2.24,19.80,16.42,0.20
205.,HFCL,18.45,2369.68,17.22,4.00,1.00,8.67,20.05,141.82,-16.02,25.06,18.04,9167390,21.28,18.23,1.07,15.30,16.48,0.47
206.,Astral Poly Tech,1469.45,22141.79,189.58,6.00,1.00,8.49,1594.15,335.68,6.80,19.80,97.24,171709,22.77,73.79,7.75,18.38,18.26,0.06
207.,Prince Pipes,259.35,2853.52,135.52,5.00,10.00,8.42,281.20,313.96,39.39,15.00,25.85,165335,20.85,,1.91,18.42,21.30,0.19
208.,Advani Hotels.,59.90,276.85,9.71,8.00,2.00,8.35,64.90,19.62,-159.18,8.03,120.37,124722,27.67,,6.17,22.13,21.39,0.01
209.,Gulf Oil Lubric.,791.50,3974.66,340.6,5.00,2.00,8.10,855.60,244.32,-4.61,19.84,23.64,57626,34.34,44.92,2.32,30.07,33.43,0.40
210.,DFM Foods,362.40,1821.82,54.83,5.00,2.00,7.89,391.00,29.00,-30.13,9.52,89.57,63001,22.62,3.48,6.61,17.65,23.53,0.63
211.,Infosys,1100.00,468544.89,396.51,6.00,5.00,7.82,1186.00,14.46,20.34,5.18,26.13,13344122,31.54,5556.15,2.77,25.31,24.16,0.07
212.,Commerl. Synbags,63.15,74.63,117.34,7.00,10.00,7.68,68.00,58.14,16.04,26.14,6.35,35122,17.45,2.82,0.54,17.91,18.04,0.73
213.,Tata Elxsi,1588.25,9891.06,448.16,5.00,10.00,7.67,1710.00,14.53,58.36,14.50,32.40,584940,45.89,95.38,3.54,25.65,31.52,0.05
214.,TCS,2679.65,1005507.77,682.61,3.00,1.00,7.66,2885.00,6.66,3.95,7.14,31.76,3831756,45.02,10122.83,3.93,37.34,34.50,0.08
215.,Indraprastha Gas,496.40,34748.04,160.33,8.00,2.00,7.66,534.40,981.44,-8.51,24.98,34.62,8569122,30.52,254.90,3.1,24.48,21.92,0.02
216.,Eicher Motors,2534.65,69261.04,582.64,4.00,1.00,7.59,2727.00,722.22,-40.05,3.14,63.48,1981418,36.48,239.61,4.35,19.36,25.38,0.02
217.,CRISIL,1975.20,14338.63,424.2,5.00,1.00,7.58,2125.00,36.01,-14.17,6.77,42.17,50660,42.78,96.58,4.66,29.19,30.38,0.00
218.,Bajaj Steel Inds,278.20,144.66,580.06,8.00,5.00,7.48,299.00,117.83,34.21,65.15,4.71,21399,20.14,6.33,0.48,26.16,21.48,0.35
219.,Cams Services,1445.15,7050.42,,7.00,10.00,7.26,1550.00,52.29,30.21,13.79,44.50,322684,50.37,,,35.96,34.19,0.00
220.,Bhansali Engg.,120.00,1990.87,42.89,7.00,1.00,7.25,128.70,2654.68,74.32,23.13,33.84,1714719,36.58,13.16,2.8,20.21,26.17,0.00
221.,Dabur India,499.80,88335.68,87.81,6.00,1.00,7.23,535.95,40.93,10.35,5.85,57.81,4509027,28.23,421.58,5.69,24.86,25.72,0.06
222.,AIA Engineering,1856.35,17509.16,755.98,8.00,2.00,7.20,1989.95,11.37,-3.84,7.54,30.49,72979,19.23,132.86,2.46,15.60,15.20,0.04
223.,Havells India,801.40,50168.68,144.18,4.00,1.00,6.69,855.00,410.10,81.98,9.30,65.27,2230125,25.60,164.14,5.56,17.41,18.72,0.22
224.,Bharat Electron,111.10,27070.55,81.3,5.00,1.00,6.62,118.45,641.79,15.98,6.23,15.71,12479687,26.99,361.67,1.37,18.92,19.67,0.00
225.,HDFC Life Insur.,646.80,130649.11,76.06,6.00,10.00,6.45,688.50,-27.24,6.10,11.21,97.42,5295752,23.98,2256.36,8.5,19.61,22.29,0.08
226.,Supreme Inds.,1630.95,20717.45,396.8,7.00,2.00,6.44,1736.00,331.66,25.35,3.02,45.42,224927,28.52,151.19,4.11,21.18,21.57,0.03
227.,Mold-Tek Pack.,286.30,794.96,138.52,6.00,5.00,6.43,304.70,759.87,22.06,15.16,23.76,35271,21.60,10.38,2.07,20.82,18.78,0.48
228.,Aarti Industries,1155.30,20129.31,335.24,5.00,5.00,6.39,1229.10,71.32,-5.46,18.20,41.96,350733,16.93,169.81,3.45,19.25,21.70,0.68
229.,Bliss GVS Pharma,170.70,1760.71,106.03,4.00,1.00,6.39,181.60,26.68,-29.97,-2.56,23.74,978715,24.39,14.38,1.61,15.09,18.93,0.17
230.,Suumaya Lifesty.,103.50,248.48,45.45,5.00,10.00,6.28,110.00,911.99,1292.52,162.72,30.45,29727,16.71,,2.28,23.56,15.34,0.41
231.,Marksans Pharma,58.95,2412.90,41.34,8.00,1.00,6.28,62.65,2.75,95.34,120.05,14.00,2915101,18.57,58.09,1.43,20.49,15.31,0.03
232.,Varun Beverages,871.40,25156.34,164.41,7.00,10.00,6.07,924.30,8.70,99.05,107.12,113.40,688314,15.10,15.38,5.3,17.68,15.87,0.67
233.,Marico,367.70,47479.16,74.25,5.00,1.00,6.00,389.75,-30.71,17.94,11.19,42.42,3005549,41.85,324.02,4.95,35.18,36.32,0.09
234.,Solex Energy,35.95,17.76,95.34,7.00,10.00,5.70,38.00,,,69.86,3.98,11000,33.49,,0.38,22.23,28.31,0.23
235.,Tube Investments,823.60,15480.92,140.27,6.00,1.00,5.39,868.00,254.82,8.89,26.02,78.02,1109412,18.59,25.92,5.87,20.22,17.30,0.13
236.,Balaji Amines,1001.95,3246.42,457.75,5.00,2.00,5.25,1054.55,38.83,53.79,6.52,25.76,247030,23.97,38.75,2.19,15.81,21.09,0.28
237.,Prime Securities,50.60,134.17,11.09,4.00,5.00,5.24,53.25,127.66,-69.52,9.33,157.85,163534,51.86,1.74,4.56,20.29,53.18,0.01
238.,Galaxy Surfact.,1939.80,6877.51,729.5,7.00,10.00,5.16,2039.85,44.70,21.87,16.19,27.62,29639,25.21,69.31,2.66,23.82,24.06,0.20
239.,Gland Pharma,2113.00,34501.66,,7.00,1.00,5.16,2222.00,,,22.47,45.40,2313965,26.95,,,23.35,18.99,0.00
240.,C D S L,489.70,5117.37,151.48,5.00,10.00,5.14,514.85,5.61,68.17,7.21,35.21,1167260,22.46,27.04,3.23,15.31,17.14,0.00
241.,Ratnamani Metals,1689.50,7894.70,716.75,5.00,2.00,5.08,1775.40,14.10,-25.82,28.73,28.73,81765,23.08,81.64,2.36,19.03,16.64,0.09
242.,Meghmani Organ.,81.10,2062.49,100.65,5.00,1.00,5.06,85.20,107.33,-4.94,34.54,8.15,1984367,27.90,69.81,0.81,26.12,29.59,0.50
243.,Apollo Tricoat,755.50,2296.72,187.1,8.00,2.00,5.02,793.40,165.74,152.76,208.45,37.09,68452,17.81,2633.46,4.04,26.07,15.99,0.25
244.,Carborundum Uni.,346.95,6573.50,179.27,6.00,1.00,4.84,363.75,337.91,33.23,14.09,24.76,430477,20.21,61.47,1.94,15.14,15.02,0.04
245.,K P R Mill Ltd,805.50,5542.65,580.05,8.00,5.00,4.78,844.00,86.63,3.12,9.01,15.92,22441,20.43,93.04,1.39,20.30,20.11,0.18
246.,Heidelberg Cem.,208.25,4719.22,117.02,9.00,10.00,4.59,217.80,27.50,7.31,52.14,19.48,535482,23.14,76.08,1.78,21.57,18.50,0.23
247.,Lux Industries,1606.50,4056.89,546.73,7.00,2.00,4.58,1680.00,64.31,23.04,28.43,27.56,38228,27.70,45.74,2.94,27.69,27.66,0.11
248.,Dr Lal Pathlabs,2290.50,19090.14,273.91,5.00,10.00,4.56,2395.00,200.35,7.53,13.45,94.04,149949,33.94,56.84,8.36,22.41,22.89,0.00
249.,SRF,5133.65,30414.41,1918.77,6.00,10.00,4.55,5367.20,77.99,4.67,25.07,29.79,323175,13.38,280.96,2.68,22.24,17.96,0.69
250.,Bajaj Auto,3173.55,91832.07,1648.91,6.00,10.00,4.46,3315.15,201.88,-21.62,8.42,21.53,1309969,30.13,1033.52,1.92,23.18,22.22,0.01
251.,ADF Foods,459.80,920.64,240.94,6.00,10.00,4.34,479.75,45.43,37.19,43.50,20.25,59889,23.63,11.70,1.91,22.93,16.36,0.06
252.,Colgate-Palmoliv,1513.70,41170.47,208.53,8.00,1.00,4.31,1578.90,38.35,12.32,12.24,47.02,2043114,70.45,271.81,7.26,53.70,51.15,0.06
253.,Berger Paints,647.75,62910.76,59.79,6.00,1.00,4.28,675.45,1332.81,13.56,14.80,120.71,1239584,27.92,184.23,10.83,25.25,22.81,0.30
254.,Endurance Tech.,1157.00,16274.69,368.19,7.00,10.00,4.14,1204.95,771.33,-1.14,19.11,43.62,184050,22.85,82.79,3.14,19.85,20.55,0.18
255.,Phillips Carbon,166.85,2875.46,166.18,5.00,2.00,4.11,173.70,2228.11,-25.05,60.27,14.11,1353648,19.51,48.03,1.0,16.74,19.91,0.33
256.,Metropolis Healt,2234.40,11419.31,253.5,5.00,2.00,3.97,2323.00,1978.62,40.32,13.60,90.64,167615,42.70,46.94,8.81,30.60,29.96,0.10
257.,Balkrishna Inds,1659.40,32079.05,559.74,5.00,2.00,3.65,1720.00,159.15,15.84,8.61,33.38,2912573,20.24,266.21,2.96,17.07,17.60,0.16
258.,Kellton Tech,53.50,515.65,83.2,6.00,5.00,3.64,55.45,9.82,-14.12,9.95,8.12,1237436,26.82,19.53,0.64,18.92,24.31,0.24
259.,APL Apollo Tubes,3378.90,8430.13,1115.94,6.00,10.00,3.28,3489.60,448.99,71.54,18.95,31.39,65494,20.65,111.84,3.03,22.07,19.86,0.48
260.,Syngene Intl.,577.95,23118.00,110.44,6.00,10.00,3.27,596.85,44.64,12.59,7.11,65.49,755282,16.41,93.97,5.23,17.02,17.65,0.32
261.,Garware Tech.,2227.05,4873.24,690.03,5.00,10.00,3.27,2299.90,150.85,-4.09,18.14,38.47,50958,24.97,31.15,3.23,20.05,20.25,0.19
262.,Granules India,412.55,10216.42,173.05,8.00,1.00,3.02,425.00,46.82,70.82,24.39,24.83,2341942,14.88,141.41,2.38,18.71,16.28,0.40
263.,K E C Intl.,359.50,9242.33,238.7,4.00,2.00,2.81,369.60,101.34,2.47,21.60,16.77,593935,26.72,208.78,1.51,21.63,22.97,0.88
264.,Navin Fluo.Intl.,2687.10,13296.93,786.1,6.00,2.00,2.71,2759.95,21.02,43.24,45.90,30.09,185494,23.33,60.48,3.42,32.67,23.15,0.00
265.,Nestle India,17888.95,172477.59,1068.97,7.00,10.00,2.69,18369.95,20.65,-1.37,25.01,83.25,364419,74.04,651.81,16.73,70.27,49.49,0.08
266.,Deepak Nitrite,865.10,11799.36,364.86,9.00,2.00,2.65,888.00,72.00,13.15,136.56,19.73,1015178,23.33,234.17,2.37,46.57,27.88,0.38
267.,Timken India,1201.45,9037.15,314.76,9.00,10.00,2.28,1228.90,1485.40,0.28,36.32,45.43,47127,21.14,45.02,3.82,16.87,15.50,0.02
268.,Sundram Fasten.,521.55,10959.25,157.56,6.00,1.00,2.26,533.35,483.60,45.30,-1.42,46.34,277107,23.16,38.65,3.31,16.89,23.41,0.34
269.,Maan Aluminium,86.20,58.28,138.76,6.00,10.00,2.09,88.00,108.70,7.01,32.58,8.21,52187,19.29,1.12,0.62,16.29,19.54,0.76
270.,Oriental Aromat.,516.85,1739.39,292.98,8.00,5.00,1.94,526.90,230.28,26.95,50.19,20.40,30659,17.87,21.54,1.76,20.29,15.39,0.03
271.,Alkyl Amines,4015.00,8194.62,915.52,8.00,5.00,1.92,4092.20,24.04,21.49,55.45,37.44,112942,32.38,74.03,4.39,41.99,32.07,0.05
272.,Amara Raja Batt.,946.80,16172.53,413.5,7.00,1.00,1.90,964.80,221.41,-7.95,11.31,28.61,1745801,23.75,185.17,2.29,18.55,16.96,0.02
273.,Emami,440.35,19574.16,80.66,7.00,1.00,1.74,448.00,199.04,23.40,-7.72,59.07,1257860,19.74,110.28,5.46,15.12,16.44,0.11
274.,ICICI Lombard,1451.40,65966.08,325.56,6.00,10.00,1.62,1474.95,4.43,35.02,23.35,47.46,1373731,26.16,438.80,4.46,20.88,19.09,0.07
275.,P & G Health Ltd,6868.10,11401.05,1194.49,6.00,10.00,1.57,6976.00,21.29,65.72,47.91,59.14,35649,44.51,53.05,5.75,20.96,38.30,0.00
276.,Asian Paints,2215.30,212491.09,247.73,8.00,1.00,1.55,2249.60,280.12,1.16,11.10,106.16,4285234,35.00,801.89,8.94,28.20,26.39,0.10
277.,Divi's Lab.,3605.10,95704.08,683.69,4.00,2.00,1.52,3659.90,5.59,45.63,8.83,54.41,2308684,25.31,567.87,5.27,19.18,18.75,0.00
278.,Tech Mahindra,876.85,84803.78,476.94,5.00,5.00,1.50,890.00,9.49,-4.33,11.09,21.99,8056736,24.31,1117.04,1.84,18.49,20.26,0.12
279.,EID Parry,346.80,6138.82,443.73,8.00,1.00,1.37,351.55,983.53,47.94,8.09,5.10,752578,18.62,427.41,0.78,26.77,20.65,0.32
280.,Coromandel Inter,828.35,24287.91,411.51,6.00,1.00,1.28,838.95,135.04,16.87,31.02,18.15,454651,24.12,440.57,2.01,27.85,25.39,0.11
281.,Vaibhav Global,2129.45,6919.81,642.91,7.00,10.00,1.27,2156.50,33.43,44.15,43.00,30.25,47237,27.57,84.75,3.31,26.13,24.53,0.14
282.,Titan Company,1361.20,120845.45,113.16,4.00,1.00,1.08,1375.85,160.14,-44.55,24.48,174.31,3606846,25.12,224.13,12.03,23.43,24.08,0.55
283.,Dixon Technolog.,11879.85,13908.24,1033.25,6.00,10.00,1.00,11999.00,3172.50,21.65,36.01,128.97,79972,31.83,34.65,11.5,26.25,23.03,0.15
284.,Indian Energy Ex,217.70,6521.35,46.46,4.00,1.00,0.73,219.30,8.91,-4.34,19.22,36.42,904874,63.08,46.09,4.69,45.05,45.57,0.00
285.,Kajaria Ceramics,647.90,10298.84,165.48,3.00,1.00,0.32,649.95,428.86,-3.69,-0.35,61.75,321334,22.68,45.68,3.92,15.42,16.42,0.06
